id,first_name,last_name,cell_phone,home_phone,work_phone
1,Ynes,Durrett,273-102-2043,850-519-2573,152-593-2967
2,,Gascoyne,301-931-3773,310-959-7139,741-504-0114
3,Candis,Langthorne,324-169-8178,474-798-1579,447-945-4760
4,,Brashier,439-258-2695,,
5,,Gillis,254-692-3658,,
6,,Huddy,505-447-9193,,
7,Blakelee,Jorck,471-468-9219,807-792-5705,456-531-6413
8,Ezra,Walcot,514-287-9273,928-375-5660,798-832-6223
9,Page,Pardon,553-591-2343,891-779-9756,638-996-2912
10,,Padwick,286-850-4178,492-131-9257,861-132-7795
11,Nani,Scandrick,144-772-4484,221-306-1441,368-900-1647
12,Zarah,Clausson,215-236-5579,982-764-7964,725-405-2545
13,Fraser,Cohr,567-410-3417,718-439-6327,788-694-6547
14,Leonore,Blaney,137-441-8123,836-274-1838,393-607-2777
15,Currey,Phlippsen,170-448-1442,792-801-1919,916-188-4828
16,,,,,
17,Ingeborg,Towell,413-996-5619,917-312-4583,869-707-5530
18,,Haslegrave,745-690-7351,,
19,Mikaela,Medlin,681-552-0155,313-677-9782,738-581-1118
20,,Bortolotti,834-546-7908,,
21,Annette,Boutton,665-428-1115,163-164-9449,663-716-2959
22,Henrie,Ashness,345-268-8936,487-857-0544,611-101-8943
23,Thain,Yo,665-419-4480,390-376-4316,155-502-3360
24,,Brun,398-875-2978,,
25,Ettie,Guillou,295-525-6300,930-280-4836,400-547-5738
26,Izzy,Pipkin,837-658-7514,580-284-5895,341-517-6544
27,Maurizio,Dechelette,654-278-3600,669-708-0592,768-646-6060
28,Rosene,Caudwell,210-847-7096,909-695-8576,156-112-2837
29,,Stormonth,148-869-2016,,
30,Town,Juara,578-366-8288,980-695-8031,554-553-1781
31,,Dye,724-947-4291,,
32,Joey,Treace,673-899-7686,954-491-0041,916-480-1235
33,Morry,Lerven,177-696-2749,798-320-2140,258-297-0363
34,Boony,Chern,951-920-4268,170-645-8020,424-136-0372
35,,Rutherford,690-238-3046,,
36,Esmaria,O' Faherty,760-786-6062,807-716-7111,992-146-4496
37,Man,Winterborne,800-167-1522,232-464-6743,788-191-8982
38,Simeon,Korb,520-543-5551,240-365-0866,100-502-8007
39,,Kynman,754-916-0435,,
40,Iolanthe,Tift,324-107-1163,668-847-8664,586-324-5354
41,Aggie,McCullouch,482-853-2553,380-887-1092,379-889-3592
42,Devinne,Muddle,,797-671-8599,134-124-2269
43,Kriste,Biggam,889-473-9310,154-325-8285,793-704-6400
44,Glynis,Effemy,487-871-3557,602-304-9938,299-264-5364
45,Shantee,Matthewes,509-696-0736,361-885-1098,934-123-0915
46,Blondell,Beades,439-996-0297,761-387-6220,335-133-9112
47,Sylvia,Grieves,253-470-6758,212-678-1397,239-726-6056
48,Malissia,Huguet,477-874-1093,870-690-3988,992-622-8852
49,,Hoffman,351-295-1090,,
50,Burr,Aherne,755-622-4791,746-507-1831,663-739-2268
51,,Loadman,588-942-4342,514-454-6419,604-453-7224
52,Karola,Varty,513-341-0120,772-530-4842,973-804-6037
53,Amandie,Tipling,640-245-7614,989-148-8885,560-646-7433
54,Muffin,Strutt,979-193-4418,720-994-4495,339-830-1486
55,Dorise,Hawkslee,643-841-4862,574-429-3986,981-291-5276
56,Deidre,Adlem,757-296-0971,761-355-2121,569-955-7335
57,Rey,Medway,641-163-7580,227-437-7899,585-668-0597
58,Diego,Botcherby,586-468-7510,547-847-3410,346-465-4297
59,Antonino,Last,874-771-6669,761-559-7872,383-959-9749
60,,Clutterbuck,414-172-5916,504-469-0155,327-369-1994
61,Shelbi,Pert,470-106-9010,634-273-5569,304-706-7481
62,Gilberte,Lamminam,545-672-5548,804-287-0196,276-215-1525
63,Cassandre,Wulfinger,394-938-5317,774-505-0123,512-661-9814
64,Erica,,650-633-1843,104-676-6233,617-977-7204
65,Elyssa,Jacobovitz,365-438-2445,502-288-6039,902-452-5591
66,Jessalin,Grigorushkin,354-816-9390,799-679-3249,322-210-2376
67,Joeann,Tanman,465-687-1415,629-704-8196,438-819-5852
68,Albie,,310-972-5236,567-244-3306,751-808-3231
69,,Pyrke,934-595-0238,350-720-6326,786-949-5670
70,Lynette,Domleo,940-228-8230,593-368-1548,674-950-4937
71,Farand,Olifaunt,689-770-2810,699-317-8019,160-767-4344
72,Geoff,Llewellen,544-319-2574,187-712-2746,763-986-8639
73,Kimberlee,Humble,731-160-5727,987-572-4671,149-442-3996
74,Kayla,Kelberer,221-585-9818,981-459-4371,306-847-3606
75,Nester,Tomaszewski,100-882-3464,324-111-4041,851-388-4281
76,Malachi,Kunes,898-188-5060,286-351-7616,188-463-7461
77,Hazel,Jakeman,882-896-6066,169-104-8068,362-376-7186
78,Boris,Clapison,180-541-6549,442-786-2091,212-587-6764
79,Marilyn,Fellgate,571-232-1522,886-200-8647,822-500-2177
80,Lisa,Hollington,129-886-2783,304-917-9466,583-385-3122
81,Collie,Kippie,477-169-3882,442-696-1440,934-192-3505
82,Elie,Huggon,998-872-5045,627-116-4132,450-171-9197
83,Garreth,Rainard,750-970-2953,374-268-8293,478-727-6328
84,Emelita,Wilcot,414-645-2430,574-407-3679,100-611-1194
85,Jenna,Woodhead,304-909-2834,197-129-1043,373-825-9127
86,Alysa,Dell'Abbate,200-341-7581,501-167-5250,178-646-2091
87,Raynard,Charlet,604-931-2369,662-285-4052,177-774-1634
88,,Skeffington,229-193-0513,,
89,Leslie,,839-521-2116,214-468-8687,524-915-6495
90,Ibrahim,Gentle,911-482-5818,374-578-5340,545-281-5874
91,,,531-751-1094,,
92,Janaya,Goadbie,324-410-4088,411-218-1646,212-407-1310
93,Joana,Attle,674-609-9892,976-354-8366,994-327-1130
94,Harri,Village,801-534-2632,977-745-6931,163-805-8803
95,Tabbi,Rizon,879-506-4167,573-773-6986,920-474-7902
96,Eldredge,Barrass,,795-554-8343,386-625-5523
97,Whit,Steenson,313-139-8235,948-934-0076,108-982-3879
98,Alix,Pighills,762-835-5218,543-555-7278,236-250-0003
99,Tirrell,Casillis,120-606-3141,808-624-4876,159-457-7136
100,Heriberto,Bortol,498-342-5578,680-656-6476,150-320-4239
101,Arney,Trayhorn,203-276-2902,995-892-0568,104-339-1331
102,,Riley,756-558-9822,,
103,,Gyer,359-971-0647,,
104,,Maunders,290-640-5493,264-850-3857,395-687-5581
105,,Crannis,748-428-2738,,
106,Arne,Derrington,107-299-0499,505-451-7153,849-143-4902
107,,Ulrik,658-345-5089,491-807-7646,823-987-7436
108,Tore,Adie,418-626-4117,317-719-6066,881-357-9769
109,Thornton,Swansbury,353-252-5767,694-491-9556,813-377-8360
110,,Dionis,,573-235-1423,994-925-8001
111,,Buckie,135-580-8971,,
112,Edwin,Kibard,141-455-6371,672-857-3753,521-743-1241
113,,Plumb,714-798-2014,,
114,,Meindl,889-963-6426,,
115,Honor,Levinge,345-294-0432,696-766-3715,600-630-4920
116,Kariotta,Worsham,709-749-4240,313-955-4834,968-715-4181
117,Durward,Frane,334-301-2371,193-480-7156,545-630-8950
118,Hugibert,Testin,491-367-3044,685-363-5090,274-742-0550
119,Tamera,Ayer,250-581-5644,400-864-1874,842-857-0794
120,Urban,Oades,355-367-7981,600-802-8996,119-396-4765
121,Kara,Haskur,662-628-4120,800-381-9261,368-538-2891
122,Emmalynne,Mosco,197-549-4871,112-188-8289,150-880-8113
123,Lucien,Longland,856-897-6386,355-485-6989,487-961-8099
124,Yank,Gautrey,133-353-4186,968-683-8136,547-933-8593
125,Frasquito,Godball,992-460-2207,265-299-4555,764-816-9636
126,Sax,Keitley,914-647-8336,962-445-9106,293-859-5149
127,Karleen,Visco,687-784-1574,763-310-7985,456-529-8518
128,Jillie,Kestin,886-844-7604,428-836-2913,483-355-0406
129,,Larmuth,821-600-9188,,
130,Monique,Connah,750-775-5215,833-104-6869,790-225-7642
131,Kimmi,Nurdin,986-664-1005,122-460-0759,656-338-9718
132,Constance,Coal,746-232-5687,484-771-9829,883-728-2831
133,Fernanda,Wilce,,803-611-0879,896-242-3256
134,Terrence,Perrycost,501-989-7654,687-824-8373,612-274-0175
135,,Brookwood,940-205-7737,898-560-9258,846-962-3056
136,Ralph,Stanlike,204-825-0593,442-117-1350,960-283-2373
137,Jenna,Rowles,269-444-3032,160-211-2710,499-861-1518
138,Vassily,Clausen,384-519-5808,116-556-2325,232-274-2972
139,Jacquelin,Rumbold,303-795-3446,208-521-0325,412-234-9201
140,,Fedorski,123-795-4556,,
141,Kari,Mazella,740-858-5854,806-694-6830,653-645-8770
142,Aili,Habgood,712-611-5435,994-452-7225,219-644-1086
143,,Pettigree,338-687-6086,108-133-0792,724-453-3991
144,Padraic,Ingolotti,661-649-8445,107-730-1728,339-654-1046
145,Pacorro,Alders,787-202-2968,765-203-0703,515-298-8554
146,,Bushe,229-683-1429,,
147,,Balthasar,445-846-0433,692-469-9191,373-506-9480
148,Morry,Ebbutt,347-812-0767,163-548-7423,926-403-8699
149,York,Girardot,178-393-0674,102-345-0684,110-325-8380
150,Darda,Klich,483-982-0621,669-213-3293,753-415-9506
151,Crissie,Vanlint,348-349-2141,415-713-2224,796-645-0932
152,,Elis,845-863-5851,,
153,,Hawker,434-257-2351,,
154,Alia,Healeas,,759-129-7884,594-681-0413
155,Jude,Wykey,118-275-3678,247-948-8034,596-843-6871
156,Reese,Buglass,164-675-3601,666-166-0275,574-884-0152
157,Aime,Windrus,754-398-5530,258-592-0772,364-867-7638
158,Iona,Luety,612-603-9540,982-206-0469,735-742-5556
159,,Russo,188-580-1005,,
160,,Ertelt,262-624-9346,,
161,Clerc,Gouinlock,791-169-0713,552-200-1518,512-744-7915
162,Ethelyn,Runchman,617-175-7639,820-768-5000,295-353-1916
163,Gualterio,Angeau,645-795-9764,464-646-7343,266-734-5972
164,Jeniece,Haysey,102-537-4046,408-213-1956,131-807-0024
165,Zolly,Searson,625-274-2951,996-759-3528,794-587-1332
166,Pegeen,Hick,638-847-5657,632-125-5415,871-784-1261
167,Yoshiko,Greveson,444-577-0534,313-726-3336,145-590-0313
168,,Laming,252-549-7081,,
169,,Lawerence,339-245-1967,,
170,Jedd,Collington,923-185-3261,215-844-6188,860-535-3521
171,,Andrus,321-137-5091,,
172,Dew,Bazley,683-303-1992,537-344-2566,934-350-7760
173,,Charrington,904-931-7438,,
174,Ulric,Rosoni,815-333-3999,320-321-3945,989-733-3955
175,Boony,Ashleigh,412-126-1642,286-175-5398,752-208-3075
176,,Wildsmith,259-227-0435,,
177,Karine,Mapstone,682-787-4405,641-962-3966,990-448-0470
178,,Bough,610-328-7528,,
179,Felizio,Pullar,174-738-0899,733-758-5610,961-286-0809
180,Christoforo,William,855-782-0139,439-323-4190,242-353-4748
181,Even,Rosenbush,294-257-9026,392-958-6309,404-849-5158
182,Wren,Wodeland,826-587-6303,102-839-2354,233-335-8270
183,,,911-299-8003,,
184,Cristy,Schops,880-204-1844,814-187-3421,412-823-2763
185,Cece,Milkins,250-551-1828,494-715-2135,156-919-1743
186,Tate,Ferney,693-424-1920,168-804-4648,217-763-9273
187,Ford,Roe,139-138-1849,440-426-1616,373-366-6355
188,,Roke,106-632-6998,812-489-4427,917-240-9219
189,Stephen,Gherardi,748-918-7554,211-106-9768,927-704-8833
190,,Ortells,750-345-8529,118-891-3309,423-942-6478
191,Homere,Drain,568-906-9967,164-765-2986,700-395-5172
192,Andromache,Izac,621-775-1035,182-459-7212,977-959-8947
193,,Reilly,701-931-2314,440-806-6149,379-261-6542
194,Nanine,Rilton,199-316-8347,798-869-6410,522-975-6225
195,Denis,Featherstonhaugh,111-538-9845,628-547-6772,230-739-1783
196,,Bruinemann,334-772-0656,970-548-0179,679-191-0096
197,Dalt,McShee,529-368-7353,521-884-1538,333-384-1338
198,Mela,Merricks,458-981-9541,718-513-7625,620-725-0415
199,Sunshine,Driver,856-587-3284,904-144-1235,214-736-7729
200,,Caldron,110-611-7750,,
201,Micky,Waterfield,270-143-5344,278-954-0169,898-327-9913
202,,Mixture,588-869-6940,,
203,Dex,Oleksiak,630-961-8496,554-341-7077,726-917-1533
204,Edie,Gyer,897-201-0040,799-624-6879,308-592-2762
205,,Nawton,902-468-2695,,
206,Susi,Dicky,775-194-6758,339-105-8742,350-395-3722
207,,Thomtson,517-682-8688,,
208,Marylinda,Sparling,312-536-3172,245-277-9335,168-566-6685
209,Stuart,Postles,259-293-4234,943-142-4072,669-138-6095
210,Analise,Plet,,527-290-5397,206-719-4865
211,,Benoix,933-978-9226,,
212,Zolly,Hardware,292-891-9056,182-219-5795,404-682-0606
213,,MacManus,506-761-8384,,
214,,Colgan,300-515-9717,,
215,Giles,Probbin,135-327-8185,445-991-7885,766-644-8607
216,,Bullivant,,,
217,Clemmie,Macourek,577-860-8125,760-588-7686,779-413-3605
218,Raynell,Murcott,170-115-0481,683-548-4395,371-193-4915
219,,Adamini,365-889-2398,,
220,Raviv,Bond,410-136-8610,427-779-1026,130-639-2313
221,Sydney,Denny,703-716-1052,757-622-6126,563-928-8397
222,Amalie,Kale,742-258-5667,559-786-6221,338-492-2603
223,Elsworth,Moakson,148-978-0523,330-922-5813,788-141-4490
224,Malcolm,Gallichiccio,140-664-2638,779-545-7931,657-281-7622
225,,Witherby,296-758-9137,,
226,Amby,Shearmer,393-639-3472,878-871-8937,902-491-6678
227,Torey,Kienzle,894-206-0700,930-594-3659,437-119-3232
228,Valeria,Crafts,626-132-0236,139-434-2415,273-326-9398
229,,Freer,670-574-8246,,
230,Mari,Foxcroft,180-999-4832,703-852-4763,167-330-9572
231,Teddie,ducarme,,806-876-0927,924-118-5549
232,Damita,Fossett,934-548-7818,768-360-9340,371-737-0762
233,Britt,,290-662-5384,474-637-5715,931-448-4493
234,Blondelle,Garvill,391-982-6317,212-204-8236,749-798-4545
235,Goldi,Boleyn,648-658-3455,651-763-0276,375-141-9434
236,Raphaela,Mitkov,202-724-7339,541-217-1312,890-286-0804
237,Maisey,Burbage,667-546-4013,829-569-6087,838-695-2303
238,,Leate,459-959-1940,,
239,,Player,275-490-1170,,
240,Hailee,Agron,349-698-7430,808-392-1092,356-701-6368
241,Dede,Cowhig,,155-992-6826,423-920-1851
242,Claudian,Reicherz,730-380-6776,387-575-2803,487-490-0085
243,,Fold,857-264-9559,868-393-1378,762-140-3628
244,Nigel,Fitchett,750-881-9903,609-359-2017,590-920-8365
245,Shanna,Reuven,,506-218-0538,611-283-8130
246,Tedi,Gibbe,141-847-9885,858-633-3369,706-201-6438
247,Kameko,Dufall,582-754-6817,591-865-0106,736-590-3823
248,,Jurisch,421-450-8181,,
249,Gasparo,Comazzo,858-706-8288,269-398-5939,915-202-4309
250,,Basden,643-177-5098,236-196-2212,436-450-4268
251,,Rosendorf,644-599-1043,,
252,Padgett,Harvey,990-974-4090,617-828-8730,246-769-8021
253,,Doe,530-481-9919,,
254,Weylin,Goodinge,164-721-6635,806-886-4901,202-215-9191
255,Madelle,Stops,558-162-3389,816-795-0948,498-714-0511
256,,Downham,670-709-4108,,
257,Valida,Kehir,893-571-1796,862-395-6967,940-142-6910
258,Munroe,Carvilla,264-591-7318,265-485-4401,303-570-1343
259,,Kingscott,495-947-1576,,
260,Jonah,Stranger,612-477-6573,962-669-9006,176-383-9311
261,Katha,Spoors,252-906-5911,621-331-7569,411-173-6241
262,,Zmitrovich,267-595-5239,794-232-1453,573-608-6172
263,,Jewkes,508-718-3978,,
264,Clemmie,Beatens,435-162-8591,104-679-2088,277-645-4015
265,Philip,Willshee,333-311-9251,269-806-0598,816-558-3926
266,Garrik,Coxall,723-536-4270,703-594-8220,681-552-5041
267,Thaddus,Purbrick,637-213-5130,643-906-1845,294-385-8523
268,Ferdinand,Barnewell,,119-593-6452,609-862-8676
269,Paquito,Brannon,252-691-8393,758-301-5272,569-490-7655
270,Lazarus,Amerighi,380-472-0494,110-118-2018,342-812-0862
271,Florina,Euesden,252-981-8847,891-441-7133,541-584-8494
272,Ogdan,Reicharz,927-987-1074,167-887-8148,918-856-0063
273,,Gisbourn,407-983-0000,,
274,Derry,Telling,893-568-8964,616-741-5465,484-431-3407
275,Lesya,Pentony,134-205-5858,426-566-2732,157-972-7178
276,Lon,Storkes,606-938-0421,235-591-2382,341-929-5361
277,Dolly,Koschke,678-774-4269,256-633-6088,848-105-2402
278,Patricia,Amphlett,887-821-1741,896-491-8305,506-997-2018
279,Shurlock,Foltin,271-725-4822,590-154-9939,133-483-3237
280,,Neale,979-601-6506,,
281,Dorette,Greve,145-757-6109,703-144-6241,448-205-3053
282,,Wilshin,857-525-6886,,
283,Cristin,Leeke,974-867-3400,850-845-4445,475-453-6866
284,Abbe,Proudler,455-493-3055,533-658-7524,538-187-3258
285,Woody,Norfolk,947-823-7821,371-110-0931,761-479-2664
286,,Joselevitz,,562-350-2252,410-279-2679
287,,Tefft,373-251-9501,,
288,Nicki,Simcock,154-321-9429,617-256-5153,448-798-9069
289,Nari,Rivenzon,459-132-5889,312-976-2770,254-970-3875
290,Blondell,Bernt,560-761-2697,184-799-2779,714-551-2332
291,Berry,Atherton,970-963-3272,411-703-6552,794-673-7465
292,Filberto,Bellenger,783-185-1621,962-727-0801,398-757-5404
293,Beckie,Penley,313-357-5398,636-889-2892,430-539-2111
294,Gilberto,Jandel,233-347-7627,652-285-2664,410-173-0512
295,,Carnegy,162-141-1792,,
296,Fae,Reoch,177-162-6835,346-353-7849,725-303-8140
297,Marga,Hammett,317-703-4875,307-185-6361,499-451-1702
298,,Ferras,671-943-3625,,
299,Joanie,Hutchins,552-122-0146,466-258-6737,618-321-2823
300,,Coomer,197-809-9459,,
301,Ephraim,Phillot,780-819-8991,859-722-2507,375-314-4569
302,Andras,Snassell,340-822-3500,613-690-6600,420-163-9010
303,Penelopa,Juanes,515-809-6359,666-203-7034,663-234-1311
304,Bail,McPhail,846-882-7588,894-885-0532,372-157-0292
305,,Campos,643-469-3316,485-247-3339,677-998-2150
306,Audrye,Kummerlowe,586-546-4446,962-478-4009,979-847-4961
307,,Foye,181-828-9333,,
308,Alyosha,Wattisham,890-562-3058,421-361-5021,422-628-6452
309,,Shildrick,309-974-1829,,
310,,Ox,499-760-7374,347-454-8463,719-914-4847
311,Fidelia,Shillitoe,840-165-4251,296-681-3460,903-454-9458
312,,Zambonini,726-261-2543,,
313,,Moreside,298-634-4061,,
314,,Corringham,330-480-5769,,
315,,Puttock,991-139-4959,,
316,Ninon,Pfeiffer,339-268-9554,306-505-2697,939-115-0198
317,Ayn,Uzzell,318-433-8874,755-206-2179,674-889-5914
318,Alf,Vedmore,682-923-4674,283-654-8047,307-394-9522
319,Annis,Roffey,693-511-9675,905-745-5128,852-441-9967
320,,Bromby,355-971-5418,,
321,Adrian,Blazdell,354-736-1633,476-976-3819,632-955-3685
322,Bidget,Alenikov,464-901-4429,479-459-0051,499-967-3475
323,Jarred,Steckings,364-473-0988,937-919-9365,106-462-9810
324,Gilly,Stopper,,604-865-0522,958-577-9754
325,Sharline,Loughead,,276-559-0447,220-736-7119
326,Ericha,Rozenzweig,718-306-0797,958-809-3421,955-820-6665
327,,Mapstone,296-453-2924,,
328,,Kobera,900-844-4098,,
329,Cobbie,Antonich,516-308-4946,609-562-3673,227-291-8824
330,Tomkin,Atmore,119-669-2505,609-281-5542,859-359-9378
331,Leola,Pennigar,830-600-0263,924-345-9243,807-360-7190
332,,Capner,112-628-4953,,
333,,Bouts,771-259-3188,,
334,Kerry,Oughton,416-992-3145,460-989-4447,385-377-6478
335,,Meus,988-189-7605,681-198-9793,418-576-2416
336,Hubey,Gianullo,824-563-6047,703-647-6532,189-655-6409
337,Winn,Godwyn,520-970-3494,122-988-9908,747-570-4857
338,Tyler,Laming,880-387-7548,693-656-9331,458-627-6366
339,Wolfie,Do Rosario,636-624-0521,579-899-1414,245-250-0443
340,,Bayliss,394-601-3025,,
341,Gratiana,Davie,749-659-5476,998-360-1392,470-634-0753
342,,Damp,628-391-8089,168-373-9199,883-530-6866
343,Haydon,Raubenheimer,535-135-7007,251-273-1705,947-868-9366
344,Katharine,,898-112-0267,918-839-6093,253-745-9511
345,,Ricardou,432-840-6458,,
346,Theo,Upton,192-996-2701,177-113-3281,486-380-9060
347,,Tilliards,140-327-5658,,
348,Dwayne,Rushmare,368-828-7354,738-281-1663,912-305-9422
349,Corbet,Bhatia,330-688-9907,620-978-2244,477-425-0790
350,Elvera,Jenkison,789-955-9632,988-239-8320,674-761-7383
351,Merla,Haycroft,182-931-6392,444-597-4763,134-613-6450
352,,Delacourt,980-836-3443,,
353,Alex,Else,586-329-8575,497-626-9033,316-802-2067
354,Goldia,O'Scandall,258-705-9919,104-852-0207,133-916-1334
355,,Penrith,236-294-5539,,
356,,Stuckes,956-552-7094,,
357,Shannan,Londer,126-702-6326,327-984-3803,679-199-2127
358,Charlton,Sansun,650-908-6694,129-614-3909,563-343-9060
359,Tandy,Chastelain,317-865-7464,216-379-8566,550-399-2347
360,,Josselsohn,974-922-4608,443-462-1104,463-821-8229
361,,Murgatroyd,411-323-2654,,
362,,Connor,624-681-2803,,
363,Troy,Niesegen,777-267-7659,493-186-2198,255-852-1490
364,Kalina,Brassington,502-891-7423,729-877-4209,119-517-4405
365,,Propper,409-991-5709,563-183-5355,740-438-7638
366,,Lauchlan,339-189-4532,,
367,Marabel,Camoys,304-705-8523,391-929-1309,296-869-0538
368,Emanuel,Fenech,624-361-0234,488-183-5832,601-862-9818
369,Hestia,Yanne,288-650-1540,963-178-4511,108-192-0875
370,Cher,Durnian,318-538-4608,307-858-0122,901-556-7689
371,Phillida,Chuck,756-295-4959,985-207-8611,264-480-3352
372,Isobel,Echalie,588-928-2123,370-905-3951,594-526-8681
373,Karita,Randles,630-287-2609,150-227-1340,355-558-3853
374,Wash,,238-886-3808,758-310-7446,947-447-1041
375,,Wondraschek,626-169-6123,330-848-4031,173-102-1343
376,Paulette,Bockler,522-996-3333,920-836-7405,195-645-3853
377,Brigit,Tritten,137-793-8987,363-430-0572,421-463-0626
378,Archer,Beecheno,516-736-5540,452-343-6462,384-198-6185
379,,Peat,483-600-2979,685-214-6622,970-220-7935
380,Drew,Goldthorp,711-760-2237,158-576-9567,397-122-9760
381,Leonidas,Bartosch,,951-646-9149,883-955-8091
382,Ker,Langeren,711-365-9737,120-468-3429,281-600-6462
383,Jo,Standeven,179-502-9382,737-205-1193,664-445-5972
384,,Toffolo,284-123-8110,648-156-8899,450-730-1962
385,Raynard,Vasyutichev,215-208-6454,950-932-8688,937-198-3634
386,Eduard,Wingate,256-619-7420,670-281-0956,646-324-9992
387,Ulberto,Cappineer,833-123-6927,708-160-3776,161-883-0171
388,,Easthope,612-228-1758,,
389,Sashenka,Curror,,693-206-0700,776-561-6307
390,,,775-518-6570,,
391,Jeremy,Izakov,768-956-9091,177-161-4675,516-149-1958
392,Hendrika,Clitheroe,325-459-3025,979-752-2681,774-762-0551
393,Josefina,Vinecombe,489-932-2361,918-300-1177,123-667-4002
394,Guthrie,Redwall,298-334-5609,952-833-7161,116-404-7325
395,Jillene,Marrable,254-809-0663,378-697-9691,372-293-4828
396,,Spaldin,,,
397,Kial,Wormleighton,971-545-9885,863-504-6720,249-261-9433
398,,Delamaine,307-619-3874,959-470-6386,303-168-4218
399,Kele,Solman,783-496-1282,949-830-3653,751-683-2132
400,,Togwell,841-369-7260,,
401,Finlay,Sowrah,256-537-5312,818-721-0206,113-255-2337
402,,Bratton,928-715-4402,,
403,Ulrick,Cella,734-473-0054,635-358-2216,752-156-5763
404,,Serridge,,,
405,Lory,Pawelec,176-134-7276,740-145-9282,178-981-5747
406,Leann,Firidolfi,950-482-8850,580-319-0362,384-388-1269
407,,McPeice,808-990-9834,,
408,Freddy,Schustl,319-591-1828,367-652-6046,597-363-3830
409,Rickie,Diem,991-640-8060,493-415-8389,958-733-3211
410,Flint,Grabert,866-290-3784,937-562-6492,699-687-6889
411,,Chinnock,641-850-5864,,
412,,Karolovsky,903-829-0949,,
413,Shari,Degoey,343-170-5647,296-943-3264,502-191-2130
414,Lindon,Gorst,307-727-3222,974-102-0588,330-316-4066
415,Rhoda,Brodley,210-894-1343,188-828-2975,301-158-9450
416,,Sabben,457-409-9659,,
417,,Scrowston,844-378-4543,,
418,Roanne,Goom,,255-429-3273,717-414-9634
419,Hendrik,Borles,418-353-0448,469-483-2155,357-518-0240
420,,Whaymand,888-508-3364,,
421,Karel,Townrow,826-931-5436,786-879-8562,779-588-4418
422,Waylan,Tomblin,435-281-4375,260-116-2291,613-641-5201
423,Gabriela,Fanthom,571-648-0439,208-782-0097,530-117-6878
424,Montgomery,O'Deoran,837-787-5982,390-666-8194,709-533-4827
425,Trista,Maytum,853-106-4418,129-256-1966,441-494-6209
426,,Sommerville,541-418-4942,,
427,,MacDearmont,816-693-9428,,
428,Sancho,Bengall,819-425-9471,817-618-8560,706-941-1174
429,Linoel,Sleightholme,223-682-3259,792-381-7762,112-756-7798
430,,Behnecken,985-800-8346,,
431,Lonny,Breakwell,400-627-0372,181-488-6068,722-148-1672
432,Coral,Girkins,604-203-9357,630-394-1062,762-704-7136
433,,Abella,645-554-8804,794-384-1685,477-478-4154
434,Rosette,Auden,373-786-6992,852-790-0261,582-778-6735
435,Alfonse,Gehrels,809-265-9262,132-889-1737,274-156-8702
436,Bronnie,Hopewell,908-875-3647,851-426-0235,881-504-5351
437,Marshal,Jedraszek,290-275-8968,537-490-8868,274-708-9760
438,Lucretia,Portis,142-573-1822,783-422-0267,880-704-4399
439,,Murrum,295-507-6002,,
440,Eleonora,Spittles,519-289-2283,903-487-5584,498-705-6711
441,Alverta,Kingscote,634-237-6791,183-403-6705,386-648-8588
442,,Greir,173-904-2290,,
443,,Whiteway,362-276-7392,629-108-7719,504-192-1461
444,Jori,Dossett,512-401-1666,549-269-7727,916-592-2213
445,Ivan,Sampey,575-101-2658,701-228-5699,951-962-8606
446,Kendricks,Drewery,505-915-9138,371-767-9639,862-750-0595
447,Daffie,Rudsdell,237-375-8160,317-364-6553,714-921-3453
448,,Blasius,351-830-1048,,
449,Tiler,Ivatts,660-348-0070,212-340-5330,962-125-2812
450,Herb,Wynett,880-658-1283,407-620-2040,916-183-8370
451,Jean,Warfield,767-450-4457,173-909-4840,497-457-9353
452,Karee,Towle,672-227-1937,452-177-6353,306-417-8805
453,Ellary,Ballintime,474-150-3494,936-869-4900,258-924-4526
454,Joeann,Beadon,112-568-9835,719-312-3154,294-565-6640
455,Rhea,Kyndred,196-620-2436,521-756-9132,367-358-0029
456,Traci,Full,699-640-0880,292-569-8335,825-922-7276
457,Valli,Mille,745-328-0157,852-132-0187,307-985-3800
458,Pet,Mowle,552-651-4437,121-305-7358,563-182-8340
459,,Duffield,384-272-0953,,
460,Corene,Handasyde,467-259-0117,669-254-9217,551-537-8440
461,Florinda,Frane,353-733-7787,587-368-3454,986-127-9974
462,Rene,Bourrel,102-252-7332,463-963-9421,660-527-6118
463,,Le Maitre,865-258-7288,837-842-0031,155-941-1288
464,,Pennetta,210-205-3619,,
465,Randy,Kernell,140-524-9493,286-605-3722,630-548-4376
466,Olin,Stickells,560-234-1020,476-248-4556,186-960-7393
467,,Hearthfield,455-320-4267,875-855-1064,351-267-9034
468,Pamelina,Silvers,913-103-4692,735-421-7088,538-610-1458
469,Aleda,MacAndie,811-587-2726,133-521-1835,816-615-8933
470,Gunner,Peniello,908-455-2208,558-729-1700,285-630-6900
471,Robina,M'Barron,862-996-7896,121-632-9302,550-596-8470
472,Hercules,Jurczak,874-835-4704,403-348-4331,689-322-1907
473,,Mollatt,292-494-6660,,
474,,Perring,372-550-5248,545-646-9926,484-924-0159
475,,Betser,363-712-6437,,
476,Pall,Casoni,511-334-9486,384-974-8399,352-797-5323
477,Carmelina,Napoli,184-384-5760,493-810-5689,616-212-0145
478,Viv,Paulusch,359-843-3556,309-624-7172,568-256-2390
479,Stillman,Stoner,123-230-7194,950-340-7999,775-539-0936
480,Fayth,Della Scala,971-828-8168,527-820-9314,176-677-6479
481,Alisun,Standage,517-884-4795,246-130-3651,716-383-9548
482,Carson,Dallicott,131-952-4369,923-630-5187,976-248-6494
483,,Trubshawe,406-997-8964,,
484,,Ineson,246-997-1653,987-683-0247,888-419-4219
485,Tracee,Wife,295-770-0227,876-653-5715,534-342-1987
486,Constantia,Cleynman,,431-967-5069,120-766-5440
487,Rheba,Darcey,319-499-1869,568-288-2660,255-923-4958
488,Kamila,Maffy,476-521-9532,706-157-1925,696-388-0618
489,,Fellgatt,108-616-3950,439-894-4662,939-346-0730
490,Loralee,Clutten,573-409-5069,866-165-1464,689-403-6119
491,Delaney,Rodolphe,238-688-3092,314-776-7679,575-409-6863
492,Mohandis,Auten,753-692-7941,639-115-8912,419-788-9942
493,Bradan,Harses,,300-619-0490,511-158-3634
494,Etta,Brunsdon,217-288-8504,145-783-0493,577-225-6222
495,Stacy,Burleton,282-654-5185,864-702-9528,552-308-0908
496,Mata,Tetlow,310-468-9970,953-938-8656,266-285-3239
497,Melany,Southorn,867-786-1974,209-553-8799,644-192-2852
498,Elise,Kirton,579-839-1888,385-839-3450,138-360-7566
499,Lynn,Loads,869-815-6747,839-961-3852,627-305-1019
500,Johannah,Valintine,566-501-7310,667-430-6136,410-479-7520
501,Corilla,Deem,432-639-5548,922-455-2441,823-263-1253
502,Stewart,Becconsall,619-966-0113,269-799-0272,134-145-0061
503,Gorden,Matuszinski,824-863-7926,852-483-9255,477-885-1388
504,Binny,Downs,509-926-6420,671-197-2223,473-786-9974
505,Zacherie,Tandey,500-994-4816,494-953-7340,204-449-3184
506,Berte,Walewski,118-552-3690,867-944-5296,353-209-0788
507,Bobinette,Wickerson,473-189-9268,642-593-9039,711-223-4528
508,,Henningham,209-839-8048,,
509,,Tinmouth,420-530-4492,,
510,Katerine,Havill,345-146-0997,668-326-9805,632-145-4999
511,Carolynn,Bonavia,288-149-8440,856-508-4995,410-637-2787
512,Lynn,Mayberry,418-692-7476,860-179-7168,712-693-4433
513,Alva,Waddilow,144-120-8601,244-974-5438,168-203-6921
514,Brucie,Wotton,886-991-9474,712-729-7304,466-336-7308
515,Benson,Itter,309-511-4553,476-405-4622,259-774-9649
516,Erastus,Titherington,536-358-9751,431-604-7031,631-339-4238
517,Simon,Syplus,748-617-7663,983-424-1990,417-294-1134
518,,Madgwick,208-942-2864,172-476-2186,186-945-9081
519,Kingston,Markwelley,674-898-2013,852-959-6982,907-215-4483
520,,Estable,476-223-0940,,
521,Deirdre,Busain,838-988-8673,862-667-5688,862-840-3313
522,Nikoletta,Blencowe,175-633-3981,922-380-0366,105-140-6285
523,Nickey,Northgraves,999-228-0923,226-746-1607,268-733-0108
524,Margeaux,Taft,713-886-9138,986-910-0301,667-539-2665
525,Samara,Maultby,,997-718-1571,244-411-5904
526,Keelia,Mulford,467-527-1981,865-930-6860,869-261-9676
527,Dionisio,Peete,813-807-5123,539-187-2431,238-232-1271
528,Ameline,Cuttell,486-718-9888,685-614-3935,310-943-1094
529,Renato,Dundon,871-875-8884,143-647-6358,608-800-2963
530,Jeremiah,McKennan,172-283-9805,389-679-5570,790-349-9121
531,Claudio,Kirgan,496-851-3967,661-105-0834,960-983-0633
532,Eolanda,Stranio,153-180-5831,855-684-9993,760-488-6464
533,Noemi,,757-519-5030,461-474-9952,531-212-0430
534,,Grose,371-697-3998,,
535,,Jeary,263-599-6696,,
536,Lynnelle,,359-556-7072,802-113-9881,689-655-1379
537,,Pocknell,689-445-5406,,
538,,Pavinese,411-530-8327,,
539,Celestyn,Wastell,467-656-2567,767-515-9185,987-307-3882
540,,Gilderoy,360-263-8581,507-386-8836,247-831-2464
541,,Lemmon,756-219-8375,,
542,,McCaighey,998-366-0392,,
543,Robyn,Pfeffle,738-746-3406,641-336-3190,138-178-6614
544,Malissia,Ackerman,778-426-3397,410-366-2236,632-396-8135
545,,Chisholme,650-126-9144,,
546,,Pithie,481-898-3536,,
547,,Lanaway,881-721-9958,,
548,,Battrick,665-512-4864,,
549,Alec,Pestell,841-616-0997,684-751-5082,977-504-9436
550,Goddart,Cucinotta,333-989-5074,905-493-4575,515-630-6316
551,Garry,Grindell,714-321-4190,192-970-8725,765-284-4412
552,Siffre,Ollis,294-760-3187,800-364-5020,492-773-9673
553,Gabriell,Sancto,478-568-1495,539-295-2949,488-625-3962
554,Harriette,Stripp,738-913-9842,310-196-9312,974-646-6431
555,Elita,Lambe,606-450-6482,518-372-5359,727-684-2050
556,Reba,Growden,146-257-2576,371-279-8445,624-126-3380
557,Barry,Muddimer,409-558-6282,951-554-2279,987-486-8416
558,Vaughan,Couser,822-715-5537,137-733-2196,811-911-0024
559,Gratiana,Fairlam,773-670-3970,972-989-9876,584-352-3835
560,Mallory,Kuzma,354-645-7009,184-988-8186,279-232-4374
561,Cletis,Clothier,423-250-3322,969-810-0639,108-231-4416
562,,Iannitti,528-758-5827,400-809-5482,519-378-2515
563,Verene,Sheffield,468-699-3205,870-269-5666,316-704-2460
564,,Stebbins,125-701-9728,,
565,,Ashmole,721-391-8240,,
566,Andy,Starrs,468-811-8580,538-271-8473,293-375-1981
567,,Hallows,763-926-5584,,
568,,Falk,549-963-0496,,
569,Ola,Schimpke,347-201-9458,158-928-3632,955-764-0353
570,Ibby,Ensten,270-731-6508,707-526-8747,377-976-5354
571,Panchito,Carsey,568-643-1766,828-870-7199,915-570-3110
572,Corena,Millwall,204-449-7165,658-273-6055,362-484-8216
573,,Pippin,826-692-1593,,
574,Franny,Collin,388-329-9351,976-247-5045,684-272-3797
575,Raina,Keri,243-125-9135,624-260-0597,847-972-1231
576,Wyndham,Rheubottom,759-515-3227,533-268-7128,342-838-7634
577,Lin,Nettleship,955-820-2495,525-810-4821,377-106-7828
578,Cynthie,Woolnough,158-256-5801,514-871-9425,970-384-0977
579,Karissa,Fairtlough,685-363-9443,576-384-8914,786-257-7943
580,Sutton,Asple,536-533-9001,754-802-5243,747-330-2334
581,Zeke,Mills,957-607-5211,879-904-0510,555-346-8152
582,Gearard,Howe,465-900-6568,163-545-7136,647-495-4885
583,Sherry,Laity,488-503-7598,678-552-5474,150-850-8342
584,,Towler,629-756-9456,544-350-4455,549-230-8916
585,Flin,Sanpere,307-390-6166,350-318-4012,198-165-8485
586,Alix,Ferre,735-640-5528,301-154-8656,705-295-3080
587,Win,Christensen,423-984-0153,816-838-3537,439-353-9973
588,,Samett,819-687-6874,,
589,Maggi,Kubicka,313-600-0734,404-460-5638,922-457-1467
590,Yoko,Ruf,763-566-9484,571-394-2421,581-519-5689
591,Timmy,Carberry,519-969-4234,916-556-8713,864-634-9660
592,,Eglise,272-381-6297,,
593,Rivi,Cancelier,623-183-7854,776-108-6741,885-229-1736
594,,Crooks,514-454-1439,351-681-6973,357-547-6126
595,Rosie,Grimwood,318-730-2800,468-612-3725,924-907-0492
596,Maryjo,Rosenbush,409-297-0953,765-309-1800,490-178-6462
597,Cosmo,Pomfret,997-540-6535,579-674-3207,593-546-6587
598,Jolynn,Simmonett,757-700-8596,969-708-0607,694-954-0498
599,Harmonia,Cartmer,150-752-7780,402-196-8680,858-999-2586
600,,Baudts,447-117-5188,,
601,,Ferrea,549-162-4083,,
602,,O' Faherty,734-653-1063,,
603,,Minton,311-119-6112,,
604,Gustave,Le Noury,631-600-1609,943-930-0630,857-127-2907
605,,Van der Baaren,181-859-2956,,
606,,Bancroft,772-814-6426,921-160-5704,101-623-8838
607,Patric,Swyer-Sexey,950-504-1090,624-144-5228,901-518-2721
608,Malinda,Screach,402-490-8093,907-492-9271,992-423-5598
609,Arch,Gibbons,709-563-1266,399-484-6576,898-551-9006
610,Marcy,Barltrop,339-968-6876,321-719-9328,457-487-7452
611,,Esom,307-541-9708,,
612,Jerrome,Khalid,179-669-4248,460-785-4980,330-561-9012
613,Morry,McCurdy,854-946-3602,921-703-5434,904-704-7407
614,,Saw,364-318-8270,,
615,,Phipard-Shears,115-337-2997,302-117-8540,217-111-4584
616,,Froschauer,796-505-5466,,
617,,Liley,225-443-5098,106-444-0740,983-979-0671
618,,Dod,817-364-7128,,
619,,Garley,705-550-2980,748-684-9638,358-658-7535
620,,Sodor,834-438-5162,463-959-1382,287-189-7173
621,Hermie,Skerratt,223-566-6229,686-145-9961,423-859-4191
622,Thomasina,Impy,405-950-0906,122-107-6654,184-207-5619
623,Emmy,,666-920-4370,170-726-1545,346-590-6561
624,,Itzchaki,,,
625,Shellie,Eate,723-917-3020,886-891-2807,967-250-6381
626,Isidro,Dacombe,358-135-6719,750-209-1858,911-258-1665
627,Cirilo,Bennion,813-234-0163,475-406-6293,326-600-2614
628,Garek,Brauninger,523-219-1094,202-510-4616,205-916-2204
629,Nancie,Eddy,354-522-1164,498-840-8001,411-617-8795
630,Jimmy,Donahue,427-699-6364,777-823-9128,956-746-6002
631,,Cadwell,692-709-3431,,
632,,Kentwell,520-465-0330,,
633,Reggis,Jerdein,179-215-8198,789-419-8197,367-786-7513
634,,Boreham,374-849-1409,,
635,,Cahan,679-524-3668,,
636,Amalia,Cleobury,101-797-3526,219-491-2360,882-751-2221
637,Page,Aries,217-242-2672,383-757-1429,801-699-6572
638,Kizzee,Silverlock,461-933-5099,283-918-0975,218-225-9150
639,,Baggiani,653-708-1777,765-918-0207,203-583-6585
640,,Szepe,,692-230-1917,609-512-0432
641,Roze,Waterfield,546-885-4502,982-806-9345,872-710-7322
642,,Manns,990-524-7769,,
643,Darnell,Ashlin,608-276-3209,276-325-1804,436-118-1050
644,Siobhan,Maier,,397-593-6003,547-877-1573
645,Matteo,Glashby,801-800-7406,976-821-7576,219-436-7020
646,,Mote,524-447-1502,,
647,Jodi,O'Giany,452-241-1016,405-737-9778,635-432-1759
648,,Currm,648-263-2176,,
649,Brandise,Sprackling,686-496-1226,315-643-1002,291-180-6889
650,,Dalton,776-999-5739,,
651,Osbourne,Livesley,537-168-9525,473-910-5956,955-367-8076
652,,Wilderspoon,281-909-5347,424-627-1096,853-238-8946
653,Selle,Alastair,779-149-1975,324-241-5038,951-411-9975
654,Dody,Ashburner,690-305-7118,839-280-7084,329-143-7235
655,,Jone,852-733-7993,,
656,Tucker,Doig,134-603-7272,691-296-9764,667-912-8228
657,,Duffill,658-545-4733,,
658,Killian,Dast,429-888-7675,937-815-5741,842-230-4033
659,,Melrose,797-339-8839,,
660,Madlen,Tippell,430-768-5045,210-389-2426,523-573-8639
661,Emelia,Ranshaw,773-874-5537,628-987-7753,163-338-2106
662,,Sturdey,990-747-3872,,
663,Piper,De Vaux,463-926-1620,408-245-3347,917-964-2859
664,,Morales,178-365-1607,428-554-3217,325-909-8496
665,,Rennard,743-377-9137,,
666,,Turnock,913-881-9042,,
667,Washington,Vivers,145-729-0318,704-103-9699,259-291-8748
668,,Kynge,631-351-8995,,
669,Karlens,Sinney,156-434-0881,365-789-4771,797-341-2255
670,Niko,Aven,207-302-7104,687-104-1993,234-896-4189
671,,Southorn,751-970-7055,,
672,Crysta,Reuben,242-727-3082,448-176-8205,548-447-6964
673,Janna,Andrysiak,240-947-2597,449-828-3628,324-492-5615
674,,Aupol,385-296-9324,,
675,,Heady,668-696-8692,,
676,,Limerick,298-488-0755,,
677,,Devereu,258-428-7211,343-641-9682,187-619-6834
678,,Denson,205-412-2225,,
679,,Piper,692-152-2680,,
680,Lanny,Beardsdale,589-488-9227,600-273-5734,447-513-4275
681,Dick,Bibby,748-546-4114,304-896-3647,862-859-0614
682,,Gee,,,
683,Allyce,Rauprich,579-641-7161,649-691-7188,937-626-4323
684,Michele,Kerton,544-787-8782,446-543-0595,500-110-1256
685,Brian,Marzello,569-596-5901,563-155-4058,640-995-5473
686,Tanya,Hodgon,742-206-3446,139-111-6883,837-589-1856
687,,O'Reilly,118-698-7090,,
688,Cariotta,Wissby,446-420-7510,344-898-7221,923-263-0219
689,Josselyn,Cicutto,510-539-8315,492-982-4463,424-200-6805
690,,Diggle,691-643-9622,,
691,,Codd,416-586-6004,,
692,Melony,Gabits,488-952-7965,663-881-7226,128-885-7929
693,Donovan,Goadbie,303-797-0147,813-569-1234,223-936-2066
694,Giles,Harding,,352-919-1870,563-604-1280
695,,Thirwell,,477-153-9346,203-183-6124
696,Gottfried,Androlli,732-260-4025,889-673-3311,154-560-3999
697,Tom,Hastewell,997-472-2654,976-936-9996,980-837-9757
698,Gisela,Lorait,309-980-0125,839-776-8579,925-655-8666
699,Fayre,Whitaker,334-549-4178,671-695-3452,999-335-6780
700,,Whillock,423-626-4711,,
701,Rod,Pietzker,195-141-1422,701-224-2129,173-569-8123
702,Padget,de Banke,918-768-4574,856-583-3675,943-523-8531
703,Luce,Gillean,913-731-1709,594-770-9450,342-648-3329
704,Fidelio,Ainscough,718-772-5038,738-503-0419,638-580-4713
705,,Loseke,297-361-8726,,
706,Ellwood,Baish,878-177-7622,205-511-0547,568-583-1518
707,,Lghan,983-928-9605,,
708,,McFaell,968-735-6684,313-770-9199,939-390-2881
709,Maynord,Huggen,979-958-7625,701-634-7519,600-297-6007
710,Griswold,Venard,203-841-2108,766-796-1150,251-164-2393
711,Bradly,Easey,754-487-7869,510-600-7217,474-922-6358
712,Letizia,Crofthwaite,548-686-3554,279-802-2552,578-147-9271
713,Georgeanne,Donwell,295-972-2673,352-611-9249,599-186-6780
714,,Knowles,694-877-3767,,
715,Mahala,Leathard,807-827-9952,337-209-4045,749-158-7550
716,,Keyme,867-643-1210,,
717,,Ragat,453-946-0223,806-598-3812,235-365-6161
718,Henryetta,Rennie,541-763-0761,789-517-7571,729-636-3680
719,Harlen,Quilleash,949-432-5394,780-905-8011,750-476-0906
720,Lorenzo,Holdall,755-851-2777,236-127-7369,727-991-6703
721,Justis,Backman,274-351-0247,139-374-5394,535-182-2844
722,,Cusack,557-782-5122,,
723,,Shiel,355-111-7869,,
724,Maude,Gourlay,148-633-7615,885-374-0350,677-933-8225
725,,Orman,167-498-0200,,
726,Paulina,Rosten,302-308-5687,692-861-5517,801-827-2029
727,Bernelle,Baxill,139-572-0985,417-116-9447,223-905-4702
728,,Revelle,335-569-7889,,
729,Roslyn,Letcher,851-457-8692,624-972-3968,742-712-4018
730,Traver,Dunham,540-571-6843,734-582-4574,912-503-5033
731,Winna,,146-680-7636,946-994-3479,932-850-7907
732,Stoddard,Levins,104-494-7138,780-189-4952,754-886-4822
733,,Clopton,476-504-8316,,
734,,Halward,743-378-6358,,
735,,Lazonby,303-485-9944,,
736,Bary,Shaefer,603-575-6647,401-156-4130,558-817-7300
737,,Netley,277-768-0760,,
738,Zonda,Petz,,420-187-0858,609-162-7238
739,Burk,Comerford,332-660-4741,488-897-5036,231-898-2841
740,,Hinrichsen,861-382-9871,,
741,Forster,McFetridge,821-452-4137,396-613-3812,758-798-9841
742,Kiri,Dailly,958-216-1609,365-998-4193,707-642-9672
743,Sharlene,Dillow,222-537-7565,695-103-6910,989-276-5265
744,,Goracci,232-294-8618,,
745,Ursulina,Kulis,425-984-6205,176-383-6668,939-684-5653
746,,,162-207-1854,478-606-5874,350-993-5902
747,,Cleyburn,384-211-1346,,
748,,Van der Veldt,783-757-5370,,
749,Gery,Moss,630-430-7836,100-601-8880,731-275-3984
750,Ellyn,Gyenes,564-576-5066,384-491-9120,794-622-3350
751,,Caldow,471-787-6085,,
752,Sarge,Harrold,353-635-2404,724-279-7957,714-422-2368
753,Xever,De Nisco,491-593-5656,537-196-3016,517-690-4804
754,Veradis,Bloomer,917-232-6146,906-823-5306,235-590-3215
755,Ernaline,Khristyukhin,195-997-3668,253-286-6686,993-817-4208
756,Christiano,Kemp,,220-129-9398,490-822-8394
757,Kimberlee,Twist,277-138-3507,975-784-3368,522-186-2303
758,Amil,Seawell,354-263-6505,133-153-7940,823-326-2426
759,,Neill,628-379-4827,241-362-7107,225-859-5940
760,Trula,Dalgardno,,808-483-6487,973-535-8890
761,,Ivankov,991-308-4085,,
762,,Ralphs,681-632-6376,,
763,Niel,Howchin,692-108-1463,511-221-0818,922-325-5682
764,Merrick,Scapens,905-147-5343,503-524-4437,956-240-7035
765,Skipton,O' Borne,264-492-3740,179-596-1455,388-167-3634
766,,Tweddle,688-861-7122,437-847-8012,411-623-0933
767,Thorsten,Getsham,530-376-2150,302-463-7674,288-181-1285
768,Chris,Cromack,252-414-2652,793-681-5113,930-616-9821
769,Pippy,Harsant,748-573-4090,506-279-0747,447-208-8321
770,Joyan,,142-139-4754,602-197-7363,123-903-4647
771,Dallis,Luckcuck,368-528-8866,748-645-3123,119-142-7889
772,Clarence,Leveritt,439-185-1452,319-731-3981,456-434-2625
773,Kally,Huelin,531-957-8677,814-574-8055,570-712-8422
774,Frazier,Antcliff,993-786-3540,343-977-1622,180-953-1377
775,,Fritter,798-489-4898,,
776,Collie,Blazevic,928-240-1040,273-331-5204,886-499-3109
777,Charlene,Lazer,605-389-6324,836-251-5036,489-555-2297
778,Theodore,Gidley,783-700-0084,970-555-8358,855-246-0900
779,Heath,Ceccoli,919-722-3867,574-222-6481,401-292-6885
780,Art,Terrill,226-581-8842,729-130-3981,337-801-9034
781,,Lamplough,,,
782,Karin,Blazek,841-676-4688,981-749-3308,467-292-0551
783,Eleen,Micklewright,274-253-2729,109-139-1582,323-933-6189
784,Anjanette,Truswell,530-937-1765,327-313-8870,203-685-5995
785,Brietta,Myrick,820-426-9604,408-695-4963,908-929-2686
786,,Scutter,407-446-7286,996-410-8807,902-341-4782
787,Ginnie,Lydford,268-712-1773,324-735-4752,826-648-4634
788,Raeann,Debrett,840-183-0160,164-959-3443,618-508-3926
789,Fraser,Basindale,434-591-4899,782-279-2351,620-481-1471
790,Lissie,Royston,512-327-8975,881-401-3171,774-902-2463
791,Katine,Ivanishev,654-739-0913,953-755-0764,792-255-9345
792,Marcile,Somerbell,441-159-4695,127-256-0690,425-683-7519
793,,Eller,599-659-0280,401-484-6258,393-703-4367
794,Tabbatha,Tabary,,517-928-3225,408-951-1719
795,Heidi,McCleod,398-675-7086,227-848-2260,350-879-2914
796,,Maguire,194-224-0600,385-742-9127,757-313-8800
797,,Martine,281-372-3462,,
798,Milicent,Mordey,157-729-7090,964-249-0257,197-502-8294
799,Flss,Bowes,856-431-8631,453-348-2911,633-851-2579
800,,Kennington,546-528-1023,,
801,Dorey,Dumbelton,857-312-6551,826-633-6667,846-949-2679
802,Pia,Yerrall,926-888-5481,304-800-8695,805-628-2401
803,,Whistlecraft,190-212-9140,501-911-6089,856-518-6633
804,Gwenora,Wollen,297-951-5242,203-277-3351,209-816-8129
805,Faun,Gladdifh,430-963-0368,963-193-9734,271-549-1027
806,Kleon,De L'Isle,401-963-3404,111-713-3896,477-926-0742
807,Broddie,Jacombs,800-854-3296,934-118-6669,675-417-2348
808,,Stroder,998-170-8277,780-958-5434,134-416-9088
809,Shandeigh,,239-258-3761,323-108-2693,601-340-7063
810,,Dowley,615-789-2512,,
811,Kalvin,Behning,968-882-4786,610-862-8581,844-213-2868
812,Carla,Veryan,133-606-5452,540-836-2115,384-397-5869
813,Reggie,Cosgreave,117-206-0427,833-772-4024,419-812-1189
814,,Pleace,951-853-9959,132-143-7228,449-932-3033
815,Leanna,Gonthier,607-425-7504,664-375-4768,990-686-4577
816,,Matskevich,457-767-7806,,
817,,Wahlberg,626-762-5722,,
818,Caterina,Cumming,679-397-2735,514-437-8690,303-263-5944
819,Debor,Smorthit,637-301-6362,931-570-4714,253-480-4199
820,Onofredo,Hauxwell,134-343-5030,266-905-7337,732-484-6683
821,Richy,Fillis,251-972-0508,292-987-5436,951-408-6433
822,Cecilio,Ofield,602-592-6126,591-214-4146,611-790-2211
823,,Bosson,694-606-6757,,
824,Janifer,Simants,538-192-0653,977-651-4626,996-765-5718
825,Wright,Rabbage,659-634-8635,404-421-3684,290-474-1837
826,Kristos,Mordanti,135-367-9389,166-290-4273,829-908-0328
827,Josselyn,Matelyunas,299-537-8730,344-186-7720,936-604-8696
828,Gerladina,Merwood,150-822-0184,976-869-6440,874-884-3302
829,,Eilhersen,254-985-9398,,
830,Kassi,Noyce,885-869-6046,100-580-0622,509-818-0708
831,Court,Henriquet,400-220-3055,621-964-9141,732-935-3488
832,Pablo,Gannicleff,775-132-4015,614-855-3869,587-992-2556
833,Krystalle,Benka,831-896-2989,343-622-6357,192-711-4136
834,Clareta,Whiteman,550-769-9392,978-383-5044,260-835-7108
835,Margeaux,McCrystal,758-159-0051,202-754-9768,623-479-4164
836,,Hartrick,682-435-3431,,
837,Sophey,Thurstan,,315-988-8104,655-269-4331
838,,Whitnall,384-943-2912,212-649-9664,110-266-5566
839,Erskine,Krienke,487-471-0533,726-220-5727,898-233-6237
840,,Britcher,375-934-4391,525-438-9707,665-770-5638
841,,Braven,508-764-6202,259-116-5484,963-205-9590
842,Loella,Dzeniskevich,202-434-9581,311-445-2117,701-499-5589
843,Ripley,Lomasna,577-359-4329,759-861-1538,518-218-8029
844,Bernelle,Niccols,720-891-8099,821-179-4760,784-165-2536
845,Orton,West,608-659-9297,636-173-6107,696-204-4583
846,Lishe,Whitwood,865-198-5586,728-332-0782,464-615-8503
847,Chris,Cripwell,682-948-8681,270-119-6075,298-782-6826
848,,Dargavel,212-473-3471,,
849,Tann,Elven,389-788-6722,328-830-9276,197-374-5884
850,Teddi,Pirdy,518-923-3076,444-713-1177,846-144-8412
851,,,156-391-7689,,
852,Shelly,MacShane,599-625-0481,100-143-4778,569-640-1209
853,,Barense,552-932-6158,,
854,,Pitcock,286-977-3831,,
855,Felizio,Linay,273-871-4183,516-811-1336,991-800-2195
856,Tressa,Stapforth,983-994-5766,573-388-2175,316-895-2122
857,Davis,Seiler,397-308-7027,245-458-1155,392-604-8607
858,,Haverson,373-957-8447,,
859,,Hek,852-270-5790,,
860,,McFadzean,207-455-3979,,
861,Ryann,Hembry,827-663-1013,759-172-1118,931-441-5540
862,,Rozzell,789-414-6498,,
863,,Anning,886-496-1080,,
864,,Lutwyche,393-142-6152,,
865,Filmore,Mation,315-341-4970,614-255-5633,356-127-8463
866,Ashley,Trusler,580-362-4658,341-548-5094,962-757-1538
867,Cyndie,Candelin,260-151-3348,291-169-2467,210-439-0222
868,Tore,Maddams,782-919-5869,902-634-9409,434-667-7089
869,Irita,Skate,564-857-2389,786-915-2539,307-303-3756
870,Aileen,Rama,867-107-4714,688-314-0105,522-425-0901
871,Serene,Weir,341-115-6192,430-249-9414,699-506-8997
872,,Gilkison,241-555-3931,243-692-2342,998-271-6538
873,Avery,Brimson,346-510-0619,666-322-9701,137-507-2746
874,,Henker,111-755-8225,997-331-0214,471-866-6621
875,Giovanna,Settle,645-558-9003,889-691-4442,894-828-8596
876,,Steet,268-158-6126,,
877,,Kelner,336-893-9879,324-891-7140,774-856-4554
878,,Pumfrey,195-134-2024,,
879,Aldous,Andreasson,459-132-8057,533-695-0656,312-448-1585
880,Dyana,Dolman,288-232-6309,588-961-9782,209-659-6861
881,,Broomhead,244-680-8890,,
882,Jemie,Joiris,625-621-3652,593-751-3800,519-180-7069
883,,Trenchard,176-148-3063,,
884,Lynea,Staveley,140-675-6553,778-774-5829,812-871-8769
885,Scotty,Bradick,821-147-5045,535-681-5407,414-379-1092
886,,Yanov,308-227-6770,,
887,Peirce,Duckering,617-862-2325,765-896-9235,682-191-1667
888,,Twidale,214-852-8572,,
889,Tamarah,Jozwiak,899-622-7592,201-670-4926,563-630-9629
890,,Last,750-341-2296,,
891,Carly,Coppard,519-400-6631,792-259-7488,150-912-2456
892,Dacey,Beningfield,957-166-7103,207-487-6683,482-250-1184
893,,Dielhenn,444-422-6904,,
894,Marsh,Readings,894-485-6037,264-579-5235,802-646-4342
895,Netti,Dowdall,198-892-1471,140-694-3503,605-264-1002
896,Enrique,O'Nions,290-259-0187,305-686-1749,459-337-0574
897,Brandy,Eefting,411-966-6797,151-144-6414,575-455-6575
898,Carver,Birchett,,498-418-5877,988-102-5294
899,Lissa,Corwood,790-985-7068,495-585-4252,515-508-2846
900,Cherye,Sabathier,226-862-8316,611-389-2791,137-684-4659
901,Claude,Ferreira,742-265-4346,488-440-6510,958-297-2881
902,Byron,Guidera,319-269-3934,608-797-5762,693-984-1289
903,Minne,Rotter,547-121-4014,207-515-5058,868-969-6828
904,Vincenty,Pavis,592-743-3251,560-244-8379,339-842-0648
905,Antons,Readshaw,212-335-1929,917-175-6727,655-643-8243
906,Dahlia,De Clairmont,795-951-4642,762-868-2776,616-458-4146
907,Caril,Josovitz,874-474-5193,337-277-4837,503-157-4352
908,,Besnardeau,277-326-2779,,
909,Nan,Sherebrooke,907-123-1255,582-369-9213,988-344-1978
910,Fiann,Alvy,687-169-3439,153-367-9612,187-834-6753
911,Larissa,Childe,733-411-5843,150-584-1090,861-331-7279
912,,Nana,399-403-5098,439-492-4974,503-991-2514
913,,Peidro,899-796-7257,,
914,Katie,McMeekan,530-836-1531,113-910-0306,864-168-4594
915,Myrwyn,Dumingos,315-962-6621,656-488-1460,398-993-2726
916,Casey,Clinnick,598-515-6747,188-675-0210,320-486-2163
917,Rochette,Stodd,210-878-9277,816-460-7661,866-446-0862
918,Gregoor,Leeder,206-684-0823,189-905-3817,726-478-5844
919,Bord,Le Galle,397-850-0781,937-796-1136,657-918-8506
920,Rafferty,Yemm,464-264-1462,485-524-1125,159-465-3131
921,Keelby,MacCaig,589-287-0198,751-811-9382,282-876-9323
922,Ginger,Callum,176-214-4318,202-964-8078,815-400-5245
923,Yul,Hunnawill,389-956-6793,239-312-6908,813-167-1836
924,Celisse,Drance,457-767-1178,888-841-4850,189-803-7417
925,Ynes,Doe,315-738-7197,678-623-4979,102-520-2988
926,,Cardillo,130-907-9439,,
927,Pip,Hargess,391-819-3336,710-654-0856,737-277-7340
928,,Trenbey,240-604-5507,,
929,Burl,Stathor,897-396-8827,930-951-3747,787-173-4225
930,Francklin,Hanalan,,978-968-1842,967-564-7344
931,Winthrop,Giddings,429-378-2481,212-421-5307,489-465-3369
932,Kristin,Clingan,563-768-2094,883-739-7313,963-549-2503
933,,Ambrose,696-515-8488,,
934,Tore,Pogue,416-940-0565,653-341-0290,986-917-4878
935,Tait,Mc Curlye,967-468-0853,388-946-7016,808-561-4200
936,Tobin,Chalkly,785-908-3775,518-204-6340,485-744-5404
937,,Di Pietro,162-223-2007,,
938,,Proske,653-824-0804,,
939,Ashely,Magrane,981-877-6668,148-962-0607,697-594-1723
940,Bart,Aronstam,263-354-5590,415-841-0114,203-882-6741
941,,Dederick,980-455-6948,327-873-6008,811-501-4905
942,Chanda,Renison,141-706-4575,311-869-5121,942-696-2196
943,,Windows,449-401-5180,,
944,Gwen,Tenby,369-867-8344,665-983-4472,439-216-0379
945,Karleen,Buscher,,290-198-1717,828-588-2352
946,Sheba,Duley,159-474-0419,360-188-8030,506-594-5782
947,Boycie,Baybutt,671-118-1038,883-176-8201,763-464-6537
948,Pierce,Woolaston,904-993-9929,271-761-6914,970-387-0198
949,,Bonham,837-366-1779,430-707-5466,712-827-1688
950,Kelila,Colthurst,507-861-5982,443-911-5402,937-129-5274
951,,Osgorby,108-532-4163,518-524-1531,976-696-2516
952,Lena,Walker,825-459-6589,315-301-3107,918-477-4517
953,Rudolfo,Louiset,510-820-9103,562-663-8991,777-497-9924
954,,Boddam,591-593-6462,,
955,Meagan,,796-898-4839,755-732-4197,961-841-4216
956,Hatty,Fransewich,347-643-6122,618-934-2947,862-539-3529
957,Chrissie,Scholte,310-183-9497,397-341-2274,946-286-7301
958,,Tofpik,155-806-7340,,
959,Aila,Maccrae,215-323-7709,318-395-3073,623-922-7529
960,,Zukerman,165-677-6682,,
961,Joachim,Kobpal,439-626-3666,605-219-5830,671-580-6995
962,Merry,Dumberell,415-677-5772,285-860-1417,942-465-5574
963,Marsha,Arthars,322-445-1504,706-209-9348,647-702-3035
964,Stearn,Youtead,726-864-7412,568-811-6210,403-448-6848
965,Natty,Klemencic,537-362-7607,987-812-2789,567-962-3924
966,Bjorn,Madrell,737-946-8522,753-242-1454,152-751-6616
967,Sibel,Fuchs,616-285-2506,145-394-7093,179-203-3402
968,,Baude,599-975-5122,,
969,Mela,Kopp,493-530-6290,437-358-0745,820-396-5825
970,Nerissa,Waskett,258-483-1318,404-851-6747,103-508-8142
971,Opaline,Mackett,509-395-3550,779-247-7837,403-384-3191
972,Deanne,Busson,,759-179-8216,820-343-1947
973,Jesselyn,Kedie,433-778-6677,819-345-2505,590-722-6202
974,Myrilla,Giles,768-294-5790,595-512-4132,172-890-1615
975,,Meneur,199-289-8686,,
976,,O'Murtagh,433-451-8688,274-818-5172,109-601-7064
977,Percival,Revans,,791-800-8877,560-565-9259
978,Loutitia,Liebmann,487-974-5414,932-872-0969,348-980-3950
979,,Swidenbank,819-790-6998,,
980,Asia,Lapwood,261-607-9668,277-302-9910,793-619-1224
981,Rora,Betjes,618-488-2419,114-873-9332,769-344-2553
982,Prent,Roobottom,198-491-5185,750-255-9221,951-931-4258
983,,,178-636-6697,,
984,Henrik,Resdale,994-828-5074,698-535-3588,952-723-0506
985,Muffin,Bellin,671-103-7598,415-486-6461,459-997-5131
986,Tyson,Oppie,352-189-3321,813-540-1678,563-551-1046
987,,Davet,662-378-7494,,
988,Zebadiah,Anthoney,199-904-4050,273-934-3151,218-483-6038
989,Kiersten,Filde,589-645-8371,446-632-0949,554-678-1577
990,Bastian,Dicke,940-384-3124,743-668-7995,348-478-1593
991,James,Bavidge,879-114-5082,470-833-8504,170-763-5408
992,Garner,Verrall,125-822-9644,288-978-4416,148-216-0472
993,,Osgood,353-998-9517,,
994,,McEwen,197-857-6235,,
995,Johna,Annwyl,557-436-4143,883-201-3452,198-911-9018
996,Merwyn,Matussov,563-387-7816,222-573-7186,259-940-4260
997,Llewellyn,Canto,539-687-8912,664-598-6481,112-169-3591
998,Nickey,Suermeiers,892-329-3171,805-676-0311,398-429-9855
999,Lindy,Polhill,956-822-4589,209-846-2353,992-545-1449
1000,Nat,Vinsen,741-539-7715,589-271-2000,475-972-5455
